,X1,event.times,longitude,latitude,altitude,heart.rate,breathing.rate,activity,peak.acceleration,original
1,1,12:53:01,149.39611,-35.56714,905,195,19,0.09,0.55,real-sensor
2,2,12:53:00,149.39611,-35.56714,905,197,20,0.08,0.39,real-sensor
3,3,12:53:02,149.39611,-35.56714,905,182,19,0.15,0.74,real-sensor
4,4,12:53:03,149.39611,-35.56714,905,175,19,0.09,0.27,real-sensor
5,5,12:53:04,149.39611,-35.56714,905,172,19,0.08,0.15,real-sensor
6,6,12:53:05,149.39611,-35.56714,905,173,19,0.08,0.33,real-sensor
7,7,12:53:06,149.39611,-35.56714,905,173,19,0.08,0.15,real-sensor
8,8,12:53:07,149.39611,-35.56714,905,173,18,0.05,0.09,real-sensor
9,9,12:53:08,149.39611,-35.56714,905,172,18,0.03,0.09,real-sensor
10,10,12:53:09,149.39611,-35.56714,905,170,18,0.03,0.3,real-sensor
11,11,12:53:10,149.39611,-35.56714,905,168,18,0.07,0.21,real-sensor
12,12,12:53:11,149.39611,-35.56714,905,164,18,0.11,0.15,real-sensor
13,13,12:53:12,149.39611,-35.56714,905,160,18,0.07,0.14,real-sensor
14,14,12:53:13,149.39611,-35.56714,905,155,18,0.06,0.3,real-sensor
15,15,12:53:14,149.39611,-35.56714,905,152,18,0.07,0.32,real-sensor
16,16,12:53:15,149.39611,-35.56714,905,147,17,0.09,0.27,real-sensor
17,17,12:53:16,149.39611,-35.56714,905,147,17,0.07,0.19,real-sensor
18,18,12:53:17,149.39611,-35.56714,905,146,17,0.06,0.57,real-sensor
19,19,12:53:18,149.39611,-35.56714,905,147,17,0.07,0.31,real-sensor
20,20,12:53:19,149.39611,-35.56714,905,150,17,0.09,0.57,real-sensor
21,21,12:53:20,149.39611,-35.56714,905,151,17,0.13,2.04,real-sensor
22,22,12:53:21,149.39611,-35.56714,905,151,17,0.41,2,real-sensor
23,23,12:53:22,149.39611,-35.56714,905,151,17,0.45,0.68,real-sensor
24,24,12:53:23,149.3961,-35.56715,905,151,16,0.19,0.37,real-sensor
25,25,12:53:24,149.3961,-35.56715,905,160,16,0.14,0.24,real-sensor
26,26,12:53:25,149.3961,-35.56714,905,166,16,0.12,0.2,real-sensor
27,27,12:53:26,149.3961,-35.56714,905,165,16,0.09,0.2,real-sensor
28,28,12:53:27,149.3961,-35.56714,905,161,16,0.08,0.19,real-sensor
29,29,12:53:28,149.3961,-35.56714,905,159,16,0.07,0.14,real-sensor
30,30,12:53:29,149.3961,-35.56714,905,156,16,0.06,0.19,real-sensor
31,31,12:53:30,149.3961,-35.56714,905,152,16,0.05,0.18,real-sensor
32,32,12:53:31,149.3961,-35.56714,905,146,16,0.04,0.22,real-sensor
33,33,12:53:32,149.3961,-35.56714,905,141,16,0.07,0.15,real-sensor
34,34,12:53:33,149.3961,-35.56714,905,137,15,0.05,0.3,real-sensor
35,35,12:53:34,149.3961,-35.56714,905,136,15,0.05,0.12,real-sensor
36,36,12:53:35,149.3961,-35.56714,905,137,15,0.04,0.09,real-sensor
37,37,12:53:36,149.3961,-35.56714,905,141,15,0.06,0.57,real-sensor
38,38,12:53:37,149.3961,-35.56714,905,141,15,0.09,0.09,real-sensor
39,39,12:53:38,149.3961,-35.56714,905,144,15,0.04,0.14,real-sensor
40,40,12:53:39,149.3961,-35.56714,905,147,14,0.04,0.08,real-sensor
41,41,12:53:40,149.3961,-35.56714,905,144,14,0.05,0.48,real-sensor
42,42,12:53:41,149.3961,-35.56714,905,140,14,0.08,0.14,real-sensor
43,43,12:53:42,149.3961,-35.56714,905,143,14,0.06,0.14,real-sensor
44,44,12:53:43,149.3961,-35.56714,905,144,14,0.05,0.15,real-sensor
45,45,12:53:44,149.3961,-35.56714,905,145,14,0.05,0.36,real-sensor
46,46,12:53:45,149.3961,-35.56714,905,144,13,0.07,0.27,real-sensor
47,47,12:53:46,149.3961,-35.56714,905,141,13,0.08,0.18,real-sensor
48,48,12:53:47,149.3961,-35.56714,905,140,13,0.06,0.09,real-sensor
49,49,12:53:48,149.3961,-35.56714,905,138,13,0.06,0.2,real-sensor
50,50,12:53:49,149.3961,-35.56714,905,134,13,0.07,0.16,real-sensor
51,51,12:53:50,149.3961,-35.56714,905,131,13,0.07,0.44,real-sensor
52,52,12:53:51,149.3961,-35.56714,905,130,13,0.09,0.2,real-sensor
53,53,12:53:52,149.3961,-35.56714,905,135,13,0.07,0.26,real-sensor
54,54,12:53:53,149.3961,-35.56714,905,140,13,0.05,0.12,real-sensor
55,55,12:53:54,149.3961,-35.56714,905,141,13,0.05,0.09,real-sensor
56,56,12:53:55,149.3961,-35.56714,905,139,12,0.04,0.24,real-sensor
57,57,12:53:56,149.3961,-35.56714,905,140,12,0.05,0.08,real-sensor
58,58,12:53:57,149.3961,-35.56714,905,141,12,0.03,0.09,real-sensor
59,59,12:53:58,149.3961,-35.56714,905,140,12,0.03,0.09,real-sensor
60,60,12:53:59,149.3961,-35.56714,905,139,12,0.03,0.09,real-sensor
61,61,12:54:00,149.3961,-35.56714,905,138,12,0.03,0.08,real-sensor
62,62,12:54:01,149.3961,-35.56714,905,137,12,0.03,0.09,real-sensor
63,63,12:54:02,149.3961,-35.56714,905,135,12,0.03,0.09,real-sensor
64,64,12:54:03,149.3961,-35.56714,905,134,12,0.06,0.16,real-sensor
65,65,12:54:04,149.3961,-35.56714,905,136,12,0.09,0.27,real-sensor
66,66,12:54:05,149.3961,-35.56714,905,140,12,0.13,0.85,real-sensor
67,67,12:54:06,149.3961,-35.56714,905,141,12,0.19,0.34,real-sensor
68,68,12:54:07,149.3961,-35.56714,905,142,12,0.12,0.49,real-sensor
69,69,12:54:08,149.3961,-35.56714,905,142,12,0.12,0.15,real-sensor
70,70,12:54:09,149.3961,-35.56714,905,142,12,0.06,0.14,real-sensor
71,71,12:54:10,149.3961,-35.56714,905,141,12,0.05,0.12,real-sensor
72,72,12:54:11,149.3961,-35.56714,905,137,12,0.05,0.24,real-sensor
73,73,12:54:12,149.3961,-35.56714,905,132,12,0.06,0.08,real-sensor
74,74,12:54:13,149.3961,-35.56714,905,128,11,0.04,0.09,real-sensor
75,75,12:54:14,149.3961,-35.56714,905,124,11,0.04,0.13,real-sensor
76,76,12:54:15,149.3961,-35.56714,905,124,11,0.04,0.2,real-sensor
77,77,12:54:16,149.3961,-35.56714,905,126,11,0.07,0.38,real-sensor
78,78,12:54:17,149.3961,-35.56714,905,131,11,0.09,0.18,real-sensor
79,79,12:54:18,149.3961,-35.56714,905,137,11,0.08,0.13,real-sensor
80,80,12:54:19,149.3961,-35.56714,905,136,11,0.05,0.09,real-sensor
81,81,12:54:20,149.3961,-35.56714,905,131,11,0.04,0.08,real-sensor
82,82,12:54:21,149.3961,-35.56714,905,130,11,0.05,0.09,real-sensor
83,83,12:54:22,149.3961,-35.56714,905,131,11,0.05,0.25,real-sensor
84,84,12:54:23,149.3961,-35.56714,905,132,11,0.06,0.08,real-sensor
85,85,12:54:24,149.3961,-35.56714,905,131,11,0.04,0.08,real-sensor
86,86,12:54:25,149.3961,-35.56714,905,130,11,0.04,0.12,real-sensor
87,87,12:54:26,149.3961,-35.56714,905,131,11,0.05,0.14,real-sensor
88,88,12:54:27,149.3961,-35.56714,905,130,11,0.07,0.19,real-sensor
89,89,12:54:28,149.3961,-35.56714,905,128,11,0.07,0.16,real-sensor
90,90,12:54:29,149.3961,-35.56714,905,127,11,0.06,0.12,real-sensor
91,91,12:54:30,149.3961,-35.56714,905,131,11,0.05,0.08,real-sensor
92,92,12:54:31,149.3961,-35.56714,905,134,11,0.04,0.09,real-sensor
93,93,12:54:32,149.3961,-35.56714,905,134,11,0.04,0.13,real-sensor
94,94,12:54:33,149.3961,-35.56714,905,131.5,11,0.04,0.145,synthetic-interpolated
95,95,12:54:34,149.3961,-35.56714,905,129,11,0.04,0.16,real-sensor
96,96,12:54:35,149.3961,-35.56714,905,128,11,0.07,0.13,real-sensor
97,97,12:54:36,149.3961,-35.56714,905,126,11,0.06,0.13,real-sensor
98,98,12:54:37,149.3961,-35.56714,905,127,11,0.06,0.18,real-sensor
99,99,12:54:38,149.3961,-35.56714,905,125,11,0.06,0.13,real-sensor
100,100,12:54:39,149.3961,-35.56714,905,125,11,0.06,0.15,real-sensor
101,101,12:54:40,149.3961,-35.56714,905,130,11,0.06,0.13,real-sensor
102,102,12:54:41,149.3961,-35.56714,905,128,11,0.07,0.18,real-sensor
103,103,12:54:42,149.3961,-35.56714,905,124,11,0.07,0.19,real-sensor
104,104,12:54:43,149.3961,-35.56714,905,125,11,0.08,0.54,real-sensor
105,105,12:54:44,149.3961,-35.56714,905,129,11,0.2,1.03,real-sensor
106,106,12:54:45,149.3961,-35.56714,905,130,11,0.27,0.16,real-sensor
107,107,12:54:46,149.3961,-35.56714,905,132,11,0.08,0.13,real-sensor
108,108,12:54:47,149.3961,-35.56714,905,135,11,0.04,0.18,real-sensor
109,109,12:54:48,149.3961,-35.56714,905,139,11,0.05,0.12,real-sensor
110,110,12:54:49,149.3961,-35.56714,905,134,11,0.05,0.14,real-sensor
111,111,12:54:50,149.3961,-35.56714,905,130,11,0.06,0.19,real-sensor
112,112,12:54:51,149.3961,-35.56714,905,125,11,0.08,0.28,real-sensor
113,113,12:54:52,149.3961,-35.56714,905,122,11,0.07,0.14,real-sensor
114,114,12:54:53,149.3961,-35.56714,905,118.5,11,0.08,0.165,synthetic-interpolated
115,115,12:54:54,149.3961,-35.56714,905,115,11,0.09,0.19,real-sensor
116,116,12:54:55,149.3961,-35.56714,905,108,11,0.09,0.24,real-sensor
117,117,12:54:56,149.3961,-35.56714,905,104,11,0.09,0.28,real-sensor
118,118,12:54:57,149.3961,-35.56714,905,106,11,0.09,0.16,real-sensor
119,119,12:54:58,149.3961,-35.56714,905,112,11,0.07,0.56,real-sensor
120,120,12:54:59,149.3961,-35.56714,905,116,11,0.11,0.4,real-sensor
121,121,12:55:00,149.3961,-35.56714,905,117,11,0.16,0.13,real-sensor
122,122,12:55:01,149.3961,-35.56714,905,119,11,0.07,0.12,real-sensor
123,123,12:55:02,149.3961,-35.56714,905,120,11,0.06,0.4,real-sensor
124,124,12:55:03,149.3961,-35.56714,905,123,11,0.07,0.09,real-sensor
125,125,12:55:04,149.3961,-35.56714,905,123,11,0.06,0.15,real-sensor
126,126,12:55:05,149.3961,-35.56714,905,129,12,0.06,0.09,real-sensor
127,127,12:55:06,149.3961,-35.56714,905,132,12,0.05,0.24,real-sensor
128,128,12:55:07,149.3961,-35.56714,905,135,12,0.05,0.09,real-sensor
129,129,12:55:08,149.3961,-35.56714,905,135,12,0.06,0.09,real-sensor
130,130,12:55:09,149.3961,-35.56714,905,135,12,0.05,0.09,real-sensor
131,131,12:55:10,149.3961,-35.56714,905,133,12,0.05,0.15,real-sensor
132,132,12:55:11,149.3961,-35.56714,905,130,12,0.06,0.09,real-sensor
133,133,12:55:12,149.3961,-35.56714,905,128,12,0.04,0.09,real-sensor
134,134,12:55:13,149.3961,-35.56714,905,128,12,0.03,0.09,real-sensor
135,135,12:55:14,149.3961,-35.56714,905,123,12,0.03,0.14,real-sensor
136,136,12:55:15,149.3961,-35.56714,905,120,12,0.05,0.09,real-sensor
137,137,12:55:16,149.3961,-35.56714,905,120,12,0.08,1.12,real-sensor
138,138,12:55:17,149.3961,-35.56714,905,126,12,0.19,0.18,real-sensor
139,139,12:55:18,149.3961,-35.56714,905,129,12,0.12,0.14,real-sensor
140,140,12:55:19,149.3961,-35.56714,905,133,12,0.07,0.22,real-sensor
141,141,12:55:20,149.3961,-35.56714,905,135,12,0.07,0.36,real-sensor
142,142,12:55:21,149.3961,-35.56714,905,133,12,0.07,0.32,real-sensor
143,143,12:55:22,149.3961,-35.56714,905,130,12,0.08,0.12,real-sensor
144,144,12:55:23,149.3961,-35.56714,905,128,12,0.05,0.16,real-sensor
145,145,12:55:24,149.3961,-35.56714,905,125,12,0.05,0.18,real-sensor
146,146,12:55:25,149.3961,-35.56714,905,122,13,0.05,0.14,real-sensor
147,147,12:55:26,149.3961,-35.56714,905,120,13,0.05,0.13,real-sensor
148,148,12:55:27,149.3961,-35.56714,905,120,13,0.05,0.15,real-sensor
149,149,12:55:28,149.3961,-35.56714,905,124,13,0.06,0.13,real-sensor
150,150,12:55:29,149.3961,-35.56714,905,126,13,0.07,0.65,real-sensor
151,151,12:55:30,149.3961,-35.56714,905,128,13,0.11,0.16,real-sensor
152,152,12:55:31,149.3961,-35.56714,905,130,14,0.09,0.12,real-sensor
153,153,12:55:32,149.3961,-35.56714,905,131,14,0.06,0.19,real-sensor
154,154,12:55:33,149.3961,-35.56714,905,131,14,0.05,0.09,real-sensor
155,155,12:55:34,149.3961,-35.56714,905,129,14,0.04,0.12,real-sensor
156,156,12:55:35,149.3961,-35.56714,905,127,14,0.05,0.3,real-sensor
157,157,12:55:36,149.3961,-35.56714,905,130,14,0.07,0.16,real-sensor
158,158,12:55:37,149.3961,-35.56714,905,133,15,0.05,0.13,real-sensor
159,159,12:55:38,149.3961,-35.56714,905,129,15,0.04,0.08,real-sensor
160,160,12:55:39,149.3961,-35.56714,905,129,15,0.03,0.12,real-sensor
161,161,12:55:40,149.3961,-35.56714,905,125,15,0.03,0.08,real-sensor
162,162,12:55:41,149.3961,-35.56714,905,123,15,0.03,0.15,real-sensor
163,163,12:55:42,149.3961,-35.56714,905,122,15,0.03,0.14,real-sensor
164,164,12:55:43,149.3961,-35.56714,905,123,15,0.05,0.09,real-sensor
165,165,12:55:44,149.3961,-35.56714,905,125,15,0.04,0.12,real-sensor
166,166,12:55:45,149.3961,-35.56714,905,130,15,0.04,0.08,real-sensor
167,167,12:55:46,149.3961,-35.56714,905,128,15,0.03,0.08,real-sensor
168,168,12:55:47,149.3961,-35.56714,905,128,15,0.03,0.09,real-sensor
169,169,12:55:48,149.3961,-35.56714,905,129,15,0.03,0.14,real-sensor
170,170,12:55:49,149.3961,-35.56714,905,129,15,0.04,0.14,real-sensor
171,171,12:55:50,149.3961,-35.56714,905,130,15,0.03,0.08,real-sensor
172,172,12:55:51,149.3961,-35.56714,905,131,15,0.02,0.13,real-sensor
173,173,12:55:52,149.3961,-35.56714,905,125,15,0.03,0.14,real-sensor
174,174,12:55:53,149.3961,-35.56714,905,122,14,0.04,0.19,real-sensor
175,175,12:55:54,149.3961,-35.56714,905,119,14,0.06,0.12,real-sensor
176,176,12:55:55,149.3961,-35.56714,905,123,14,0.04,0.12,real-sensor
177,177,12:55:56,149.3961,-35.56714,905,123,14,0.04,0.08,real-sensor
178,178,12:55:57,149.3961,-35.56714,905,121,14,0.03,0.09,real-sensor
179,179,12:55:58,149.3961,-35.56714,905,122,14,0.03,0.16,real-sensor
180,180,12:55:59,149.3961,-35.56714,905,125,14,0.04,0.15,real-sensor
181,181,12:56:00,149.3961,-35.56714,905,126,14,0.06,0.12,real-sensor
182,182,12:56:01,149.3961,-35.56714,905,128,14,0.05,0.12,real-sensor
183,183,12:56:02,149.3961,-35.56714,905,127,14,0.05,0.08,real-sensor
184,184,12:56:03,149.3961,-35.56714,905,124,14,0.04,0.13,real-sensor
185,185,12:56:04,149.3961,-35.56714,905,118,14,0.04,0.21,real-sensor
186,186,12:56:05,149.3961,-35.56714,905,118,14,0.05,0.09,real-sensor
187,187,12:56:06,149.3961,-35.56714,905,122,14,0.05,0.09,real-sensor
188,188,12:56:07,149.3961,-35.56714,905,120,14,0.04,0.08,real-sensor
189,189,12:56:08,149.3961,-35.56714,905,118,14,0.03,0.08,real-sensor
190,190,12:56:09,149.3961,-35.56714,905,115,14,0.02,0.07,real-sensor
191,191,12:56:10,149.3961,-35.56714,905,116,14,0.02,0.13,real-sensor
192,192,12:56:11,149.3961,-35.56714,905,119,14,0.03,0.07,real-sensor
193,193,12:56:12,149.3961,-35.56714,905,120,14,0.03,0.12,real-sensor
194,194,12:56:13,149.3961,-35.56714,905,120,14,0.03,0.08,real-sensor
195,195,12:56:14,149.3961,-35.56714,905,121,14,0.03,0.07,real-sensor
196,196,12:56:15,149.3961,-35.56714,905,120.6666667,14,0.033333333,0.076666667,synthetic-interpolated
197,197,12:56:16,149.3961,-35.56714,905,120.3333333,14,0.036666667,0.083333333,synthetic-interpolated
198,198,12:56:17,149.3961,-35.56714,905,120,14,0.04,0.09,real-sensor
199,199,12:56:18,149.3961,-35.56714,905,116,14,0.04,0.15,real-sensor
200,200,12:56:19,149.3961,-35.56714,905,118,14,0.06,0.33,real-sensor
201,201,12:56:20,149.3961,-35.56714,905,123,14,0.07,0.12,real-sensor
202,202,12:56:21,149.3961,-35.56714,905,127,14,0.05,0.14,real-sensor
203,203,12:56:22,149.3961,-35.56714,905,125,14,0.05,0.08,real-sensor
204,204,12:56:23,149.3961,-35.56714,905,125,14,0.04,0.09,real-sensor
205,205,12:56:24,149.3961,-35.56714,905,124,14,0.06,0.3,real-sensor
206,206,12:56:25,149.3961,-35.56714,905,127,14,0.13,0.84,real-sensor
207,207,12:56:26,149.3961,-35.56714,905,130,14,0.21,0.71,real-sensor
208,208,12:56:27,149.3961,-35.56714,905,133,14,0.21,0.2,real-sensor
209,209,12:56:28,149.3961,-35.56714,905,135,14,0.07,0.12,real-sensor
210,210,12:56:29,149.3961,-35.56714,905,136.6666667,14.33333333,0.06,0.11,synthetic-interpolated
211,211,12:56:30,149.3961,-35.56714,905,138.3333333,14.66666667,0.05,0.1,synthetic-interpolated
212,212,12:56:31,149.3961,-35.56714,905,140,15,0.04,0.09,real-sensor
213,213,12:56:32,149.3961,-35.56714,905,134,15,0.03,0.08,real-sensor
214,214,12:56:33,149.3961,-35.56714,905,130,15,0.03,0.13,real-sensor
215,215,12:56:34,149.3961,-35.56714,905,128,15,0.03,0.07,real-sensor
216,216,12:56:35,149.3961,-35.56714,905,126,15,0.03,0.18,real-sensor
217,217,12:56:36,149.3961,-35.56714,905,124,15,0.02,0.12,real-sensor
218,218,12:56:37,149.3961,-35.56714,905,121,15,0.03,0.28,real-sensor
219,219,12:56:38,149.3961,-35.56714,905,122,15,0.05,0.24,real-sensor
220,220,12:56:39,149.3961,-35.56714,905,124,15,0.09,0.13,real-sensor
221,221,12:56:40,149.3961,-35.56714,905,123,15,0.05,0.14,real-sensor
222,222,12:56:41,149.3961,-35.56714,905,118,15,0.05,0.16,real-sensor
223,223,12:56:42,149.3961,-35.56714,905,117,15,0.06,0.09,real-sensor
224,224,12:56:43,149.3961,-35.56714,905,120,15,0.04,0.09,real-sensor
225,225,12:56:44,149.3961,-35.56714,905,123,15,0.04,0.2,real-sensor
226,226,12:56:45,149.3961,-35.56714,905,123,15,0.06,0.13,real-sensor
227,227,12:56:46,149.3961,-35.56714,905,126,15,0.06,0.09,real-sensor
228,228,12:56:47,149.3961,-35.56714,905,122,15,0.05,0.09,real-sensor
229,229,12:56:48,149.3961,-35.56714,905,119,15,0.04,0.12,real-sensor
230,230,12:56:49,149.3961,-35.56714,905,122,14,0.05,0.09,real-sensor
231,231,12:56:50,149.3961,-35.56714,905,122.5,14,0.055,0.165,synthetic-interpolated
232,232,12:56:51,149.3961,-35.56714,905,123,14,0.06,0.24,real-sensor
233,233,12:56:52,149.3961,-35.56714,905,123,14,0.07,0.09,real-sensor
234,234,12:56:53,149.3961,-35.56714,905,125,14,0.05,0.24,real-sensor
235,235,12:56:54,149.3961,-35.56714,905,124,14,0.08,0.45,real-sensor
236,236,12:56:55,149.3961,-35.56714,905,124,14,0.08,0.24,real-sensor
237,237,12:56:56,149.3961,-35.56714,905,125,14,0.06,0.09,real-sensor
238,238,12:56:57,149.3961,-35.56714,905,126,13,0.04,0.14,real-sensor
239,239,12:56:58,149.3961,-35.56714,905,125,13,0.05,0.14,synthetic-interpolated
240,240,12:56:59,149.3961,-35.56714,905,124,13,0.06,0.14,real-sensor
241,241,12:57:00,149.3961,-35.56714,905,123,13,0.05,0.2,real-sensor
242,242,12:57:01,149.3961,-35.56714,905,124,13,0.05,0.12,real-sensor
243,243,12:57:02,149.3961,-35.56714,905,127,13,0.05,0.34,real-sensor
244,244,12:57:03,149.3961,-35.56714,905,131.5,13,0.125,0.35,synthetic-interpolated
245,245,12:57:04,149.3961,-35.56714,905,136,13,0.2,0.36,real-sensor
246,246,12:57:05,149.3961,-35.56714,905,137,13,0.13,0.12,real-sensor
247,247,12:57:06,149.3961,-35.56714,905,139,13,0.06,0.31,real-sensor
248,248,12:57:07,149.3961,-35.56714,905,137,12,0.07,0.19,real-sensor
249,249,12:57:08,149.3961,-35.56714,905,133,12,0.12,0.78,real-sensor
250,250,12:57:09,149.3961,-35.56714,905,133,12,0.27,0.66,real-sensor
251,251,12:57:10,149.3961,-35.56714,905,133,12,0.26,0.46,real-sensor
252,252,12:57:11,149.3961,-35.56715,905,134,12,0.12,0.15,real-sensor
253,253,12:57:12,149.39611,-35.56715,906,136,12,0.06,0.13,real-sensor
254,254,12:57:13,149.39611,-35.56715,905,138,12,0.08,0.56,real-sensor
255,255,12:57:14,149.39611,-35.56715,905,139,12,0.12,0.46,real-sensor
256,256,12:57:15,149.39611,-35.56715,905,139,12,0.18,0.21,real-sensor
257,257,12:57:16,149.39611,-35.56715,905,138,12,0.09,0.12,real-sensor
258,258,12:57:17,149.39611,-35.56715,905,137,12,0.04,0.14,real-sensor
259,259,12:57:18,149.39611,-35.56715,905,135,12,0.03,0.14,real-sensor
260,260,12:57:19,149.39611,-35.56715,905,132.5,12,0.04,0.145,synthetic-interpolated
261,261,12:57:20,149.39611,-35.56715,905,130,12,0.05,0.15,real-sensor
262,262,12:57:21,149.39611,-35.56715,905,123,12,0.05,0.08,real-sensor
263,263,12:57:22,149.39611,-35.56715,905,115,12,0.03,0.33,real-sensor
264,264,12:57:23,149.39611,-35.56715,905,115,12,0.05,0.28,real-sensor
265,265,12:57:24,149.39611,-35.56715,905,119,12,0.09,0.09,real-sensor
266,266,12:57:25,149.39611,-35.56715,905,121,13,0.03,0.08,real-sensor
267,267,12:57:26,149.39611,-35.56715,905,122,13,0.04,0.09,real-sensor
268,268,12:57:27,149.39611,-35.56715,905,123,13,0.04,0.25,real-sensor
269,269,12:57:28,149.39611,-35.56715,905,125,13,0.12,1.75,real-sensor
270,270,12:57:29,149.39611,-35.56715,905,126,13,0.28,1.07,real-sensor
271,271,12:57:30,149.39611,-35.56715,906,126,13,0.24,0.09,real-sensor
272,272,12:57:31,149.39611,-35.56715,906,126,14,0.06,0.25,real-sensor
273,273,12:57:32,149.39612,-35.56715,906,126,14,0.07,0.12,real-sensor
274,274,12:57:33,149.39612,-35.56715,906,126,14,0.07,0.09,real-sensor
275,275,12:57:34,149.39612,-35.56714,906,125,14,0.06,0.09,real-sensor
276,276,12:57:35,149.39612,-35.56714,906,124,14,0.05,0.15,real-sensor
277,277,12:57:36,149.39612,-35.56714,906,123,14,0.06,0.12,real-sensor
278,278,12:57:37,149.39612,-35.56714,906,124,14,0.055,0.125,synthetic-interpolated
279,279,12:57:38,149.39612,-35.56714,906,125,14,0.05,0.13,real-sensor
280,280,12:57:39,149.39612,-35.56715,906,124,14,0.06,0.09,real-sensor
281,281,12:57:40,149.39612,-35.56715,906,121,14,0.05,0.08,real-sensor
282,282,12:57:41,149.39612,-35.56715,906,121,15,0.04,0.12,real-sensor
283,283,12:57:42,149.39612,-35.56715,906,121.3333333,15,0.04,0.14,synthetic-interpolated
284,284,12:57:43,149.39612,-35.56715,906,121.6666667,15,0.04,0.16,synthetic-interpolated
285,285,12:57:44,149.39612,-35.56715,906,122,15,0.04,0.18,real-sensor
286,286,12:57:45,149.39612,-35.56715,906,123,15,0.04,0.2,real-sensor
287,287,12:57:46,149.39612,-35.56715,906,123,15,0.05,0.5,real-sensor
288,288,12:57:47,149.39612,-35.56715,906,126,15,0.12,0.72,real-sensor
289,289,12:57:48,149.39612,-35.56715,906,129,15,0.23,0.83,real-sensor
290,290,12:57:49,149.39612,-35.56715,906,131,15,0.21,0.22,real-sensor
291,291,12:57:50,149.39612,-35.56714,905,133,15,0.08,0.13,real-sensor
292,292,12:57:51,149.39612,-35.56714,905,135,15,0.05,0.27,real-sensor
293,293,12:57:52,149.39612,-35.56714,905,137,15,0.09,1.31,real-sensor
294,294,12:57:53,149.39612,-35.56714,905,139,15,0.27,1.84,real-sensor
295,295,12:57:54,149.39612,-35.56714,905,139,15,0.43,0.53,real-sensor
296,296,12:57:55,149.39611,-35.56714,905,139,16,0.27,0.14,real-sensor
297,297,12:57:56,149.396115,-35.56714,905,135,16,0.17,0.115,synthetic-interpolated
298,298,12:57:57,149.39612,-35.56714,905,131,16,0.07,0.09,real-sensor
299,299,12:57:58,149.39612,-35.56714,905,125,16,0.05,0.08,real-sensor
300,300,12:57:59,149.39612,-35.56714,905,119,17,0.03,0.06,real-sensor
301,301,12:58:00,149.39612,-35.56714,905,115,17,0.03,0.15,real-sensor
302,302,12:58:01,149.39612,-35.56714,905,113,18,0.03,0.08,real-sensor
303,303,12:58:02,149.39612,-35.56714,905,116.5,18.5,0.035,0.115,synthetic-interpolated
304,304,12:58:03,149.39612,-35.56714,905,120,19,0.04,0.15,real-sensor
305,305,12:58:04,149.39612,-35.56714,905,123,19,0.05,0.18,real-sensor
306,306,12:58:05,149.39612,-35.56714,905,124,19,0.05,0.21,real-sensor
307,307,12:58:06,149.39612,-35.56714,905,123,19,0.06,0.09,real-sensor
308,308,12:58:07,149.39612,-35.56714,905,123,19.5,0.055,0.115,synthetic-interpolated
309,309,12:58:08,149.39612,-35.56714,905,123,20,0.05,0.14,real-sensor
310,310,12:58:09,149.39612,-35.56714,905,125,20,0.04,0.13,real-sensor
311,311,12:58:10,149.39612,-35.56714,905,127.5,20,0.065,0.19,synthetic-interpolated
312,312,12:58:11,149.39612,-35.56714,905,130,20,0.09,0.25,real-sensor
313,313,12:58:12,149.39612,-35.56714,905,132,20,0.11,0.73,real-sensor
314,314,12:58:13,149.39612,-35.56714,905,133,21,0.19,0.56,real-sensor
315,315,12:58:14,149.39612,-35.56714,905,132,21,0.16,0.5,real-sensor
316,316,12:58:15,149.39612,-35.56714,905,133,20,0.16,0.18,real-sensor
317,317,12:58:16,149.39612,-35.56714,905,133,20,0.115,0.155,synthetic-interpolated
318,318,12:58:17,149.39612,-35.56714,905,133,20,0.07,0.13,real-sensor
319,319,12:58:18,149.39612,-35.56714,905,132,20,0.06,0.16,real-sensor
320,320,12:58:19,149.39612,-35.56714,905,128,19,0.07,0.2,real-sensor
321,321,12:58:20,149.39612,-35.56714,905,126,19,0.07,0.19,real-sensor
322,322,12:58:21,149.39612,-35.56714,905,119,19,0.08,0.22,real-sensor
323,323,12:58:22,149.39612,-35.56714,905,119,19,0.07,0.34,real-sensor
324,324,12:58:23,149.39612,-35.56714,905,122.5,18.5,0.08,0.27,synthetic-interpolated
325,325,12:58:24,149.39612,-35.56714,905,126,18,0.09,0.2,real-sensor
326,326,12:58:25,149.39612,-35.56714,905,129,18,0.07,0.12,real-sensor
327,327,12:58:26,149.39612,-35.56714,905,129.3333333,17.66666667,0.063333333,0.106666667,synthetic-interpolated
328,328,12:58:27,149.39612,-35.56714,905,129.6666667,17.33333333,0.056666667,0.093333333,synthetic-interpolated
329,329,12:58:28,149.39612,-35.56714,905,130,17,0.05,0.08,real-sensor
330,330,12:58:29,149.39612,-35.56714,905,126,17,0.03,0.08,real-sensor
331,331,12:58:30,149.39612,-35.56714,905,123,17,0.03,0.07,real-sensor
332,332,12:58:31,149.39612,-35.56714,905,120,16,0.03,0.06,real-sensor
333,333,12:58:32,149.39612,-35.56714,905,118,16,0.03,0.12,real-sensor
334,334,12:58:33,149.39612,-35.56714,905,122,16,0.03,0.07,real-sensor
335,335,12:58:34,149.39612,-35.56714,905,124,16,0.03,0.13,real-sensor
336,336,12:58:35,149.39612,-35.56714,905,125,15,0.03,0.14,real-sensor
337,337,12:58:36,149.39612,-35.56714,905,127,15,0.05,0.14,real-sensor
338,338,12:58:37,149.39612,-35.56714,905,130,15,0.04,0.12,real-sensor
339,339,12:58:38,149.39612,-35.56714,905,132,15,0.04,0.09,real-sensor
340,340,12:58:39,149.39612,-35.56714,905,133,15,0.03,0.08,real-sensor
341,341,12:58:40,149.39612,-35.56714,905,133,15,0.02,0.08,real-sensor
342,342,12:58:41,149.39612,-35.56714,905,129,15,0.02,0.06,real-sensor
343,343,12:58:42,149.39612,-35.56714,905,126,15,0.02,0.07,real-sensor
344,344,12:58:43,149.39612,-35.56714,905,126,15,0.02,0.16,real-sensor
345,345,12:58:44,149.39612,-35.56714,905,126,15,0.03,0.14,real-sensor
346,346,12:58:45,149.39612,-35.56714,905,127,15,0.05,0.13,real-sensor
347,347,12:58:46,149.39612,-35.56714,905,130,15,0.05,0.13,real-sensor
348,348,12:58:47,149.39612,-35.56714,905,133,15,0.06,0.13,real-sensor
349,349,12:58:48,149.39612,-35.56714,905,134,15,0.06,0.12,real-sensor
350,350,12:58:49,149.39612,-35.56714,905,134,15,0.05,0.13,real-sensor
351,351,12:58:50,149.39612,-35.56714,905,132,15,0.06,0.26,real-sensor
352,352,12:58:51,149.39612,-35.56714,905,130,15,0.09,0.32,real-sensor
353,353,12:58:52,149.39612,-35.56714,905,130,15,0.15,2.48,real-sensor
354,354,12:58:53,149.39612,-35.56714,905,130,15,0.26,0.34,real-sensor
355,355,12:58:54,149.39612,-35.56715,905,130,15,0.24,0.16,real-sensor
356,356,12:58:55,149.39611,-35.56715,905,130,15,0.09,0.19,real-sensor
357,357,12:58:56,149.39611,-35.56715,905,130,15,0.07,0.14,real-sensor
358,358,12:58:57,149.39611,-35.56715,905,129,15,0.06,0.09,real-sensor
359,359,12:58:58,149.39611,-35.56715,905,130,15,0.05,0.16,real-sensor
360,360,12:58:59,149.39611,-35.56715,905,128,14.5,0.055,0.2,synthetic-interpolated
361,361,12:59:00,149.39611,-35.56715,905,126,14,0.06,0.24,real-sensor
362,362,12:59:01,149.39611,-35.56715,905,124,14,0.06,0.14,real-sensor
363,363,12:59:02,149.39611,-35.56715,905,123,14,0.08,0.09,real-sensor
364,364,12:59:03,149.39611,-35.56715,905,120,14,0.06,0.08,real-sensor
365,365,12:59:04,149.39611,-35.56715,905,115,14,0.04,0.09,real-sensor
366,366,12:59:05,149.39611,-35.56715,905,117,14,0.04,0.12,real-sensor
367,367,12:59:06,149.39611,-35.56715,905,120,14,0.04,0.28,real-sensor
368,368,12:59:07,149.39611,-35.56715,905,123,14,0.07,0.15,real-sensor
369,369,12:59:08,149.39611,-35.56715,905,125,14,0.08,0.12,real-sensor
370,370,12:59:09,149.39611,-35.56715,905,128,14,0.06,0.08,real-sensor
371,371,12:59:10,149.39611,-35.56715,905,129,14,0.04,0.09,real-sensor
372,372,12:59:11,149.39611,-35.56715,905,131,14,0.04,0.19,real-sensor
373,373,12:59:12,149.39611,-35.56715,905,131,14,0.06,0.2,real-sensor
374,374,12:59:13,149.39611,-35.56715,905,132,14,0.08,0.33,real-sensor
375,375,12:59:14,149.39611,-35.56715,905,132,14,0.12,0.21,real-sensor
376,376,12:59:15,149.39611,-35.56715,905,129,14,0.08,0.09,real-sensor
377,377,12:59:16,149.39611,-35.56715,905,123,14,0.04,0.12,real-sensor
378,378,12:59:17,149.39611,-35.56715,905,121,14,0.06,0.4,real-sensor
379,379,12:59:18,149.39611,-35.56715,905,123,14,0.09,0.13,real-sensor
380,380,12:59:19,149.39611,-35.56715,905,127,15,0.05,0.08,real-sensor
381,381,12:59:20,149.39611,-35.56715,905,129,15,0.045,0.16,synthetic-interpolated
382,382,12:59:21,149.39611,-35.56715,905,131,15,0.04,0.24,real-sensor
383,383,12:59:22,149.39611,-35.56715,905,132,15,0.08,1.04,real-sensor
384,384,12:59:23,149.39611,-35.56715,905,132,15,0.16,0.15,real-sensor
385,385,12:59:24,149.39611,-35.56715,905,130.5,15,0.11,0.165,synthetic-interpolated
386,386,12:59:25,149.39611,-35.56715,905,129,15,0.06,0.18,real-sensor
387,387,12:59:26,149.39611,-35.56715,905,126,15,0.06,0.15,real-sensor
388,388,12:59:27,149.39611,-35.56715,905,127,15,0.05,0.06,real-sensor
389,389,12:59:28,149.39611,-35.56715,905,129,15,0.02,0.14,real-sensor
390,390,12:59:29,149.39611,-35.56715,905,126,15,0.02,0.08,real-sensor
391,391,12:59:30,149.39611,-35.56715,905,126,15,0.03,0.06,real-sensor
392,392,12:59:31,149.39611,-35.56715,905,123,15,0.02,0.18,real-sensor
393,393,12:59:32,149.39611,-35.56715,905,124,15,0.04,0.13,real-sensor
394,394,12:59:33,149.39611,-35.56715,905,122,15,0.06,0.21,real-sensor
395,395,12:59:34,149.39611,-35.56715,905,122,15,0.09,0.21,real-sensor
396,396,12:59:35,149.39611,-35.56715,905,120,15,0.12,0.18,real-sensor
397,397,12:59:36,149.39611,-35.56715,905,121,15,0.09,0.27,real-sensor
398,398,12:59:37,149.39611,-35.56715,905,124,15,0.09,0.62,real-sensor
399,399,12:59:38,149.39611,-35.56715,905,126,15,0.225,0.68,synthetic-interpolated
400,400,12:59:39,149.39611,-35.56715,905,128,15,0.36,0.74,real-sensor
401,401,12:59:40,149.39611,-35.56715,906,128,15,0.2,0.13,real-sensor
402,402,12:59:41,149.396105,-35.567145,905.5,129,15,0.13,0.14,synthetic-interpolated
403,403,12:59:42,149.3961,-35.56714,905,130,15,0.06,0.15,real-sensor
404,404,12:59:43,149.3961,-35.56714,905,130,15,0.06,0.15,real-sensor
405,405,12:59:44,149.3961,-35.56714,905,129,15,0.07,0.14,real-sensor
406,406,12:59:45,149.3961,-35.56713,905,128,15,0.06,0.09,real-sensor
407,407,12:59:46,149.3961,-35.56713,905,127,15,0.05,0.13,real-sensor
408,408,12:59:47,149.3961,-35.56713,905,125,16,0.05,0.12,real-sensor
409,409,12:59:48,149.3961,-35.56713,905,123,16,0.04,0.09,real-sensor
410,410,12:59:49,149.3961,-35.56713,905,121,16,0.04,0.08,real-sensor
411,411,12:59:50,149.3961,-35.56713,905,119,16,0.04,0.15,real-sensor
412,412,12:59:51,149.3961,-35.56713,905,117,17,0.04,0.12,real-sensor
413,413,12:59:52,149.3961,-35.56713,905,114,17,0.04,0.09,real-sensor
414,414,12:59:53,149.3961,-35.56713,905,115,17,0.04,0.13,real-sensor
415,415,12:59:54,149.3961,-35.56713,905,118,17,0.04,0.12,real-sensor
416,416,12:59:55,149.3961,-35.56713,905,119,18,0.04,0.12,real-sensor
417,417,12:59:56,149.3961,-35.56713,905,121,18,0.05,0.14,real-sensor
418,418,12:59:57,149.3961,-35.56713,905,121,19,0.07,0.09,real-sensor
419,419,12:59:58,149.3961,-35.56713,905,121,19,0.04,0.09,real-sensor
420,420,12:59:59,149.3961,-35.56713,905,122,19,0.045,0.17,synthetic-interpolated
421,421,13:00:00,149.3961,-35.56713,905,123,19,0.05,0.25,real-sensor
422,422,13:00:01,149.3961,-35.56713,905,126,19,0.06,0.215,synthetic-interpolated
423,423,13:00:02,149.3961,-35.56713,905,129,19,0.07,0.18,real-sensor
424,424,13:00:03,149.3961,-35.56713,905,126,19,0.07,0.16,real-sensor
425,425,13:00:04,149.3961,-35.56713,905,125,19,0.06,0.09,real-sensor
426,426,13:00:05,149.3961,-35.56713,905,125.5,19,0.065,0.145,synthetic-interpolated
427,427,13:00:06,149.3961,-35.56713,905,126,19,0.07,0.2,real-sensor
428,428,13:00:07,149.3961,-35.56713,905,125,19,0.07,0.09,real-sensor
429,429,13:00:08,149.3961,-35.56713,905,124,18.5,0.06,0.105,synthetic-interpolated
430,430,13:00:09,149.3961,-35.56713,905,123,18,0.05,0.12,real-sensor
431,431,13:00:10,149.3961,-35.56713,905,124,18,0.05,0.15,real-sensor
432,432,13:00:11,149.3961,-35.56713,905,125,18,0.05,0.09,real-sensor
433,433,13:00:12,149.3961,-35.56713,905,127,18,0.04,0.12,real-sensor
434,434,13:00:13,149.3961,-35.56713,905,129,17,0.04,0.18,real-sensor
435,435,13:00:14,149.3961,-35.56713,905,128.4,16.8,0.042,0.162,synthetic-interpolated
436,436,13:00:15,149.3961,-35.56713,905,127.8,16.6,0.044,0.144,synthetic-interpolated
437,437,13:00:16,149.3961,-35.56713,905,127.2,16.4,0.046,0.126,synthetic-interpolated
438,438,13:00:17,149.3961,-35.56713,905,126.6,16.2,0.048,0.108,synthetic-interpolated
439,439,13:00:18,149.3961,-35.56713,905,126,16,0.05,0.09,real-sensor
440,440,13:00:19,149.3961,-35.56713,905,125.3333333,15.66666667,0.05,0.54,synthetic-interpolated
441,441,13:00:20,149.3961,-35.56713,905,124.6666667,15.33333333,0.05,0.99,synthetic-interpolated
442,442,13:00:21,149.3961,-35.56713,905,124,15,0.05,1.44,real-sensor
443,443,13:00:22,149.3961,-35.56713,905,126,15,0.36,3.16,real-sensor
444,444,13:00:23,149.3961,-35.56713,905,127,15,0.94,1.12,real-sensor
445,445,13:00:24,149.396105,-35.567135,905,129.5,14.5,0.535,0.685,synthetic-interpolated
446,446,13:00:25,149.39611,-35.56714,905,132,14,0.13,0.25,real-sensor
447,447,13:00:26,149.39611,-35.56714,905,153,14,0.09,0.2,real-sensor
448,448,13:00:27,149.39611,-35.56714,905,174,14,0.07,0.15,real-sensor
449,449,13:00:28,149.39611,-35.56714,905,179,14,0.06,0.16,real-sensor
450,450,13:00:29,149.39611,-35.56714,905,177,13,0.07,0.14,real-sensor
451,451,13:00:30,149.39611,-35.56714,905,171,13,0.06,0.15,real-sensor
452,452,13:00:31,149.39611,-35.56714,905,163,13,0.06,0.13,real-sensor
453,453,13:00:32,149.39611,-35.56714,905,156,13,0.05,0.08,real-sensor
454,454,13:00:33,149.39611,-35.56714,905,151,13,0.05,0.14,real-sensor
455,455,13:00:34,149.39611,-35.56714,905,147,13,0.04,0.145,synthetic-interpolated
456,456,13:00:35,149.39611,-35.56714,905,143,13,0.03,0.15,real-sensor
457,457,13:00:36,149.39611,-35.56714,905,139,13,0.05,0.07,real-sensor
458,458,13:00:37,149.39611,-35.56714,905,133,13,0.04,0.09,real-sensor
459,459,13:00:38,149.39611,-35.56714,905,128,13,0.03,0.12,real-sensor
460,460,13:00:39,149.39611,-35.56714,905,131,13,0.03,0.09,real-sensor
461,461,13:00:40,149.39611,-35.56714,905,131,13,0.04,0.09,real-sensor
462,462,13:00:41,149.39611,-35.56714,905,133,13,0.04,0.085,synthetic-interpolated
463,463,13:00:42,149.39611,-35.56714,905,135,13,0.04,0.08,real-sensor
464,464,13:00:43,149.39611,-35.56714,905,135,13,0.04,0.09,real-sensor
465,465,13:00:44,149.39611,-35.56714,905,134.5,13,0.04,0.125,synthetic-interpolated
466,466,13:00:45,149.39611,-35.56714,905,134,13,0.04,0.16,real-sensor
467,467,13:00:46,149.39611,-35.56714,905,131,13,0.05,0.08,real-sensor
468,468,13:00:47,149.39611,-35.56714,905,127,13,0.04,0.12,real-sensor
469,469,13:00:48,149.39611,-35.56714,905,125.5,13,0.04,0.245,synthetic-interpolated
470,470,13:00:49,149.39611,-35.56714,905,124,13,0.04,0.37,real-sensor
471,471,13:00:50,149.39611,-35.56714,905,127,13,0.05,0.09,real-sensor
472,472,13:00:51,149.39611,-35.56714,905,131,13,0.043333333,0.09,synthetic-interpolated
473,473,13:00:52,149.39611,-35.56714,905,135,13,0.036666667,0.09,synthetic-interpolated
474,474,13:00:53,149.39611,-35.56714,905,139,13,0.03,0.09,real-sensor
475,475,13:00:54,149.39611,-35.56714,905,140,13,0.04,0.43,real-sensor
476,476,13:00:55,149.39611,-35.56714,905,140,12,0.09,0.22,real-sensor
477,477,13:00:56,149.39611,-35.56714,905,139,12,0.05,0.12,real-sensor
478,478,13:00:57,149.39611,-35.56714,905,138,12,0.06,0.13,synthetic-interpolated
479,479,13:00:58,149.39611,-35.56714,905,137,12,0.07,0.14,synthetic-interpolated
480,480,13:00:59,149.39611,-35.56714,905,136,12,0.08,0.15,real-sensor
481,481,13:01:00,149.39611,-35.56714,905,136,12,0.09,0.13,real-sensor
482,482,13:01:01,149.39611,-35.56714,905,135,12,0.06,0.12,real-sensor
483,483,13:01:02,149.39611,-35.56714,905,137,12,0.05,0.09,real-sensor
484,484,13:01:03,149.39611,-35.56714,905,135,12,0.05,0.09,real-sensor
485,485,13:01:04,149.39611,-35.56714,905,134,12,0.05,0.08,real-sensor
486,486,13:01:05,149.39611,-35.56714,905,132.3333333,12,0.076666667,0.143333333,synthetic-interpolated
487,487,13:01:06,149.39611,-35.56714,905,130.6666667,12,0.103333333,0.206666667,synthetic-interpolated
488,488,13:01:07,149.39611,-35.56714,905,129,12,0.13,0.27,real-sensor
489,489,13:01:08,149.39611,-35.56714,905,135,11.5,0.09,0.18,synthetic-interpolated
490,490,13:01:09,149.39611,-35.56714,905,141,11,0.05,0.09,real-sensor
491,491,13:01:10,149.39611,-35.56714,905,138.5,11,0.045,0.105,synthetic-interpolated
492,492,13:01:11,149.39611,-35.56714,905,136,11,0.04,0.12,real-sensor
493,493,13:01:12,149.39611,-35.56714,905,132,11,0.04,0.12,real-sensor
494,494,13:01:13,149.39611,-35.56714,905,130,11,0.03,0.09,real-sensor
495,495,13:01:14,149.39611,-35.56714,905,128,11,0.03,0.09,real-sensor
496,496,13:01:15,149.39611,-35.56714,905,129.5,11,0.035,0.085,synthetic-interpolated
497,497,13:01:16,149.39611,-35.56714,905,131,11,0.04,0.08,real-sensor
498,498,13:01:17,149.39611,-35.56714,905,136,11,0.03,0.09,real-sensor
499,499,13:01:18,149.39611,-35.56714,905,135,11,0.035,0.105,synthetic-interpolated
500,500,13:01:19,149.39611,-35.56714,905,134,11,0.04,0.12,real-sensor
501,501,13:01:20,149.39611,-35.56714,905,130.5,11,0.04,0.105,synthetic-interpolated
502,502,13:01:21,149.39611,-35.56714,905,127,11,0.04,0.09,real-sensor
503,503,13:01:22,149.39611,-35.56714,905,124,11,0.04,0.09,real-sensor
504,504,13:01:23,149.39611,-35.56714,905,123,11,0.04,0.12,real-sensor
505,505,13:01:24,149.39611,-35.56714,905,121,11,0.05,0.27,real-sensor
506,506,13:01:25,149.39611,-35.56714,905,123,11,0.09,0.3,real-sensor
507,507,13:01:26,149.39611,-35.56714,905,126,11,0.09,0.12,real-sensor
508,508,13:01:27,149.39611,-35.56714,905,126,11,0.06,0.42,real-sensor
509,509,13:01:28,149.39611,-35.56714,905,125,11,0.09,1.19,real-sensor
510,510,13:01:29,149.39611,-35.56714,905,127,11,0.18,1.31,real-sensor
511,511,13:01:30,149.39611,-35.56714,905,128,11,0.35,0.32,real-sensor
512,512,13:01:31,149.39611,-35.56715,905,129,11,0.17,0.32,real-sensor
513,513,13:01:32,149.39611,-35.56715,905,129,11,0.14,0.28,real-sensor
514,514,13:01:33,149.39611,-35.56715,905,129.5,11,0.1,0.175,synthetic-interpolated
515,515,13:01:34,149.39611,-35.56715,905,130,11,0.06,0.07,real-sensor
516,516,13:01:35,149.39611,-35.56715,905,131,11,0.16,3.01,synthetic-interpolated
517,517,13:01:36,149.39611,-35.56715,905,132,11,0.26,5.95,real-sensor
518,518,13:01:37,149.39611,-35.56715,905,134,12,1.05,2.75,real-sensor
519,519,13:01:38,149.39611,-35.56716,905,135,12,0.71,0.92,real-sensor
520,520,13:01:39,149.3961,-35.56716,905,136,12,0.36,0.62,real-sensor
521,521,13:01:40,149.39609,-35.56716,905,136,12,0.25,0.89,real-sensor
522,522,13:01:41,149.39609,-35.56716,905,137,12,0.21,0.65,real-sensor
523,523,13:01:42,149.39609,-35.56716,905,138,12,0.17,0.33,real-sensor
524,524,13:01:43,149.39609,-35.56716,905,153,13,0.09,0.27,real-sensor
525,525,13:01:44,149.3961,-35.56716,904,162,13,0.09,1,real-sensor
526,526,13:01:45,149.3961,-35.56715,904,166,13,0.29,1.55,real-sensor
527,527,13:01:46,149.39609,-35.56715,904,168,13,0.25,0.22,real-sensor
528,528,13:01:47,149.39609,-35.56715,904,168,14,0.12,2.15,real-sensor
529,529,13:01:48,149.39609,-35.56715,905,166,14,0.3,3.67,real-sensor
530,530,13:01:49,149.39608,-35.56716,905,165,14,0.75,7.02,real-sensor
531,531,13:01:50,149.396055,-35.56717,905,165,14.5,1.14,7.66,synthetic-interpolated
532,532,13:01:51,149.39603,-35.56718,905,165,15,1.53,8.3,real-sensor
533,533,13:01:52,149.39603,-35.5672,906,167,15,1.04,1.09,real-sensor
534,534,13:01:53,149.39603,-35.567205,905.5,170,15,0.65,1.36,synthetic-interpolated
535,535,13:01:54,149.39603,-35.56721,905,173,15,0.26,1.63,real-sensor
536,536,13:01:55,149.39603,-35.56721,905,174,16,0.68,3.79,real-sensor
537,537,13:01:56,149.39604,-35.56721,905,175,16,0.85,1.83,real-sensor
538,538,13:01:57,149.39606,-35.56721,905,175,17,0.51,1.5,real-sensor
539,539,13:01:58,149.39606,-35.56721,905,175,17,0.24,0.62,real-sensor
540,540,13:01:59,149.39607,-35.56721,905,175,17.5,0.175,0.905,synthetic-interpolated
541,541,13:02:00,149.39608,-35.56721,905,175,18,0.11,1.19,real-sensor
542,542,13:02:01,149.39608,-35.56721,905,178,18,0.42,4.81,real-sensor
543,543,13:02:02,149.39608,-35.56721,905,180,18,1.48,12.09,real-sensor
544,544,13:02:03,149.3961,-35.56718,906,182,19,2.02,12.51,real-sensor
545,545,13:02:04,149.39607,-35.56716,906,182.5,19.5,1.905,11.63,synthetic-interpolated
546,546,13:02:05,149.39604,-35.56714,906,183,20,1.79,10.75,real-sensor
547,547,13:02:06,149.39601,-35.56715,906,183,20,1.53,2.01,real-sensor
548,548,13:02:07,149.39599,-35.56715,906,183,20,1.02,2.19,real-sensor
549,549,13:02:08,149.39598,-35.56716,906,183,20,0.62,0.51,real-sensor
550,550,13:02:09,149.39597,-35.56716,905,182,20,0.24,0.95,real-sensor
551,551,13:02:10,149.39596,-35.56716,905,182,20,0.35,2.31,real-sensor
552,552,13:02:11,149.395955,-35.56716,905,182,20,0.29,1.9,synthetic-interpolated
553,553,13:02:12,149.39595,-35.56716,905,182,20,0.23,1.49,real-sensor
554,554,13:02:13,149.39594,-35.56716,905,182,20,0.31,0.91,real-sensor
555,555,13:02:14,149.39594,-35.56716,905,182,20,0.38,2.55,real-sensor
556,556,13:02:15,149.39593,-35.56716,905,184,20,0.455,1.99,synthetic-interpolated
557,557,13:02:16,149.39592,-35.56716,905,186,20,0.53,1.43,real-sensor
558,558,13:02:17,149.39591,-35.56716,905,187,19,0.28,0.51,real-sensor
559,559,13:02:18,149.395905,-35.567155,905,188,19,0.325,1.655,synthetic-interpolated
560,560,13:02:19,149.3959,-35.56715,905,189,19,0.37,2.8,real-sensor
561,561,13:02:20,149.395895,-35.567145,905,189.5,19,0.305,1.505,synthetic-interpolated
562,562,13:02:21,149.39589,-35.56714,905,190,19,0.24,0.21,real-sensor
563,563,13:02:22,149.39589,-35.56714,905,192,19,0.09,0.09,real-sensor
564,564,13:02:23,149.39589,-35.56714,905,192,19,0.04,0.09,real-sensor
565,565,13:02:24,149.39589,-35.56714,905,193,19,0.03,0.07,real-sensor
566,566,13:02:25,149.39589,-35.56714,905,194,19,0.05,0.72,real-sensor
567,567,13:02:26,149.39589,-35.56714,905,193,19,0.13,0.38,real-sensor
568,568,13:02:27,149.39588,-35.56714,905,193,19,0.14,0.26,real-sensor
569,569,13:02:28,149.39588,-35.56714,904.6666667,193,19,0.106666667,0.203333333,synthetic-interpolated
570,570,13:02:29,149.39588,-35.56714,904.3333333,193,19,0.073333333,0.146666667,synthetic-interpolated
571,571,13:02:30,149.39588,-35.56714,904,193,19,0.04,0.09,real-sensor
572,572,13:02:31,149.39588,-35.56714,904,192.3333333,19,0.036666667,0.17,synthetic-interpolated
573,573,13:02:32,149.39588,-35.56714,904,191.6666667,19,0.033333333,0.25,synthetic-interpolated
574,574,13:02:33,149.39588,-35.56714,904,191,19,0.03,0.33,real-sensor
575,575,13:02:34,149.39588,-35.56714,904,191,18.5,0.125,0.385,synthetic-interpolated
576,576,13:02:35,149.39588,-35.56714,904,191,18,0.22,0.44,real-sensor
577,577,13:02:36,149.39588,-35.56714,904,191,18,0.16,0.61,real-sensor
578,578,13:02:37,149.39588,-35.56714,904,191,18,0.2,1.8,real-sensor
579,579,13:02:38,149.39587,-35.56713,904,191,18,0.26,2.51,real-sensor
580,580,13:02:39,149.39587,-35.56713,904,192,18,0.46,0.83,real-sensor
581,581,13:02:40,149.39586,-35.56712,904,192,18,0.42,2.34,real-sensor
582,582,13:02:41,149.395855,-35.567115,904,191.5,18,0.48,2.995,synthetic-interpolated
583,583,13:02:42,149.39585,-35.56711,904,191,18,0.54,3.65,real-sensor
584,584,13:02:43,149.39583,-35.5671,904,191,18,0.62,2.69,real-sensor
585,585,13:02:44,149.39582,-35.56709,904,191,18,0.84,7.81,real-sensor
586,586,13:02:45,149.39581,-35.567075,904,191.5,17.5,1.055,5.21,synthetic-interpolated
587,587,13:02:46,149.3958,-35.56706,904,192,17,1.27,2.61,real-sensor
588,588,13:02:47,149.39579,-35.56704,904,192,17,1,7.68,real-sensor
589,589,13:02:48,149.3957867,-35.56702667,903.6666667,192,17,0.85,5.813333333,synthetic-interpolated
590,590,13:02:49,149.3957833,-35.56701333,903.3333333,192,17,0.7,3.946666667,synthetic-interpolated
591,591,13:02:50,149.39578,-35.567,903,192,17,0.55,2.08,real-sensor
592,592,13:02:51,149.39578,-35.56699,903,191,17,0.48,2.225,synthetic-interpolated
593,593,13:02:52,149.39578,-35.56698,903,190,17,0.41,2.37,real-sensor
594,594,13:02:53,149.39579,-35.56697,903,189,17,0.42,2.59,real-sensor
595,595,13:02:54,149.39579,-35.56696,902,188,17,0.49,2.98,real-sensor
596,596,13:02:55,149.39579,-35.56696,902,187,17,0.46,2.46,real-sensor
597,597,13:02:56,149.3958,-35.56695,902,188,17,0.41,2.75,real-sensor
598,598,13:02:57,149.3958,-35.56694,902,188,17,0.45,2.22,real-sensor
599,599,13:02:58,149.3958,-35.56693,902,188,17,0.4,2.45,real-sensor
600,600,13:02:59,149.3958,-35.56692,902,188,17,0.4,2.83,real-sensor
601,601,13:03:00,149.39581,-35.56692,902,188,17,0.44,3.13,real-sensor
602,602,13:03:01,149.39581,-35.56691,902,187,17,0.55,2.37,real-sensor
603,603,13:03:02,149.39581,-35.56691,902,187,17,0.42,2.54,real-sensor
604,604,13:03:03,149.395815,-35.566895,902,186,17,0.42,2.225,synthetic-interpolated
605,605,13:03:04,149.39582,-35.56688,902,185,17,0.42,1.91,real-sensor
606,606,13:03:05,149.39582,-35.566875,902,184.5,17,0.39,2.085,synthetic-interpolated
607,607,13:03:06,149.39582,-35.56687,902,184,17,0.36,2.26,real-sensor
608,608,13:03:07,149.39582,-35.56686,902,183,17,0.45,2.04,real-sensor
609,609,13:03:08,149.39583,-35.56685,902,182,17,0.41,2.96,real-sensor
610,610,13:03:09,149.39583,-35.566845,902,181,17,0.42,2.645,synthetic-interpolated
611,611,13:03:10,149.39583,-35.56684,902,180,17,0.43,2.33,real-sensor
612,612,13:03:11,149.39584,-35.56684,902,179,17,0.51,2.46,real-sensor
613,613,13:03:12,149.39585,-35.56683,902,178,17,0.43,1.91,real-sensor
614,614,13:03:13,149.39586,-35.56683,902,177,17,0.38,3.18,real-sensor
615,615,13:03:14,149.39586,-35.56682,902,176,17,0.39,2.59,real-sensor
616,616,13:03:15,149.39587,-35.56681,902,175,18,0.55,2.54,real-sensor
617,617,13:03:16,149.39588,-35.56681,902,174,18,0.43,2.67,real-sensor
618,618,13:03:17,149.395885,-35.566805,902,173,18,0.435,2.21,synthetic-interpolated
619,619,13:03:18,149.39589,-35.5668,902,172,18,0.44,1.75,real-sensor
620,620,13:03:19,149.3959,-35.56679,902,171,18,0.4,2.15,real-sensor
621,621,13:03:20,149.395905,-35.566785,902,171,17.5,0.41,2.555,synthetic-interpolated
622,622,13:03:21,149.39591,-35.56678,902,171,17,0.42,2.96,real-sensor
623,623,13:03:22,149.39592,-35.56677,902,170,17,0.43,1.19,real-sensor
624,624,13:03:23,149.39593,-35.56676,902,170,17,0.36,1.87,real-sensor
625,625,13:03:24,149.39593,-35.56676,902,169,17,0.43,2.91,real-sensor
626,626,13:03:25,149.39594,-35.56675,902,169,17,0.43,1.22,real-sensor
627,627,13:03:26,149.39595,-35.56674,902,169,17,0.4,2.85,real-sensor
628,628,13:03:27,149.39596,-35.56674,902,169,17,0.49,1.73,real-sensor
629,629,13:03:28,149.39596,-35.56673,902,169,17,0.38,2.37,real-sensor
630,630,13:03:29,149.39597,-35.56672,902,169,16,0.39,2.61,real-sensor
631,631,13:03:30,149.395975,-35.566715,902,168.5,16,0.425,2.225,synthetic-interpolated
632,632,13:03:31,149.39598,-35.56671,902,168,16,0.46,1.84,real-sensor
633,633,13:03:32,149.39599,-35.5667,902,168,16,0.665,2.845,synthetic-interpolated
634,634,13:03:33,149.396,-35.56669,902,168,16,0.87,3.85,real-sensor
635,635,13:03:34,149.39601,-35.56667,902,169,16,1.41,11.19,real-sensor
636,636,13:03:35,149.39603,-35.56665,902,170,16,1.19,2.57,real-sensor
637,637,13:03:36,149.39605,-35.56664,902,173,16,1.43,10.51,real-sensor
638,638,13:03:37,149.39608,-35.56663,902,176,16,1.49,4.2,real-sensor
639,639,13:03:38,149.3961,-35.56662,902,177,16,1.44,8.74,real-sensor
640,640,13:03:39,149.39613,-35.56661,901.5,177,16.5,1.6,9.31,synthetic-interpolated
641,641,13:03:40,149.39616,-35.5666,901,177,17,1.76,9.88,real-sensor
642,642,13:03:41,149.3962,-35.56658,901,178,19,1.99,12.81,real-sensor
643,643,13:03:42,149.39622,-35.56657,901,178,19,2.33,6.37,real-sensor
644,644,13:03:43,149.39624,-35.56655,901,177,20,2.22,11.65,real-sensor
645,645,13:03:44,149.3963033,-35.56652333,900.6666667,178.3333333,20.33333333,2.18,10.54,synthetic-interpolated
646,646,13:03:45,149.3963667,-35.56649667,900.3333333,179.6666667,20.66666667,2.14,9.43,synthetic-interpolated
647,647,13:03:46,149.39643,-35.56647,900,181,21,2.1,8.32,real-sensor
648,648,13:03:47,149.396475,-35.56645,900,181,21.5,1.85,8.065,synthetic-interpolated
649,649,13:03:48,149.39652,-35.56643,900,181,22,1.6,7.81,real-sensor
650,650,13:03:49,149.396545,-35.566415,900,181,22.5,1.645,6.125,synthetic-interpolated
651,651,13:03:50,149.39657,-35.5664,900,181,23,1.69,4.44,real-sensor
652,652,13:03:51,149.39658,-35.56639,900,181,24,1.1,1.8,real-sensor
653,653,13:03:52,149.3966,-35.56637,900,180,24,0.6,2.04,real-sensor
654,654,13:03:53,149.3966,-35.56637,900,180,24,0.36,1.98,real-sensor
655,655,13:03:54,149.3966,-35.56636,900,179,24,0.36,2.75,real-sensor
656,656,13:03:55,149.3966,-35.56636,901,178,23,0.43,2.31,real-sensor
657,657,13:03:56,149.39661,-35.56635,901,177,23,0.37,2.27,real-sensor
658,658,13:03:57,149.39661,-35.56633,901,177,23,0.39,2.48,real-sensor
659,659,13:03:58,149.396615,-35.566325,901,176,23,0.415,2.26,synthetic-interpolated
660,660,13:03:59,149.39662,-35.56632,901,175,23,0.44,2.04,real-sensor
661,661,13:04:00,149.39662,-35.5663,901,175,23,0.41,1.74,real-sensor
662,662,13:04:01,149.39663,-35.5663,901,177,22,0.35,0.69,real-sensor
663,663,13:04:02,149.39663,-35.56629,901,180,22,0.3,0.97,real-sensor
664,664,13:04:03,149.39664,-35.56629,901,184,22,0.3,0.96,real-sensor
665,665,13:04:04,149.39665,-35.56629,901,185,22,0.31,1.49,real-sensor
666,666,13:04:05,149.39665,-35.56628,901,185,21,0.3,0.9,real-sensor
667,667,13:04:06,149.39666,-35.566275,901,185,21,0.33,0.83,synthetic-interpolated
668,668,13:04:07,149.39667,-35.56627,901,185,21,0.36,0.76,synthetic-interpolated
669,669,13:04:08,149.39668,-35.566265,901,185,21,0.39,0.69,synthetic-interpolated
670,670,13:04:09,149.39669,-35.56626,901,185,21,0.42,0.62,real-sensor
671,671,13:04:10,149.3967,-35.56626,901,185,21,0.29,2.07,real-sensor
672,672,13:04:11,149.3967,-35.56625,901,185,21,0.37,0.97,real-sensor
673,673,13:04:12,149.39671,-35.56625,901,185,21,0.37,0.19,real-sensor
674,674,13:04:13,149.39671,-35.56624,901,190,20,0.09,0.08,real-sensor
675,675,13:04:14,149.396715,-35.56624,901,194.5,20,0.055,0.08,synthetic-interpolated
676,676,13:04:15,149.39672,-35.56624,901,199,20,0.02,0.08,real-sensor
